Year,Disaster Type,Disaster Subtype,Country,Location,Origin,Associated Dis,Dis Mag Value (Km2),River Basin,Start Year,Start Month,Start Day,End Year,End Month,End Day,Total Deaths,No Injured,No Affected,No Homeless,Total Affected,Total Damages ('000 US$),"Total Damages, Adjusted ('000 US$)",CPI,Geo Locations
1964,Flood,,Viet Nam,,,,,,1964,12,,1964,12,,400,,,,,,,10.59837602,
1966,Flood,Riverine flood,Viet Nam,Near Cambodia border,,,,,1966,9,20,1966,9,20,31,,125541,70361,195902,10000,90163,11.09099715,
1970,Flood,,Viet Nam,North,,,,,1970,10,26,1970,10,26,237,,204000,,204000,,,13.26647996,
1978,Flood,Riverine flood,Viet Nam,Mekong Delta,,,,,1978,8,,1978,8,,74,,4000000,79000,4079000,,,22.29019504,
1980,Flood,,Viet Nam,"Quang Nam Da Nang, Nghia Binh, Binh Tri Thien, Phu Khanh provinces",,,,,1980,11,,1980,11,,94,,628000,,628000,,,28.15888663,
1984,Flood,,Viet Nam,Central,,,,,1984,10,,1984,10,,33,,38000,,38000,,,35.49688113,
1985,Flood,Riverine flood,Viet Nam,"Ha Nam Ninh, Thanh Hoa, Hai Hung, Ha Bac",,,24680,,1985,9,7,1985,9,7,93,,2800000,,2800000,,,36.75546794,
1986,Flood,Riverine flood,Viet Nam,Central,,,,,1986,12,3,1986,12,3,165,,,,,,,37.45311166,
1990,Flood,Riverine flood,Viet Nam,"Son La, Hoang Lien Son, Ha Tuyen, Binh Dinh, Dac Lac, Lai Chau, Muong Lay provinces",Heavy rain,,13950,,1990,6,20,1990,7,8,82,200,10000,,10200,725,1624,44.64587744,
1991,Flood,Riverine flood,Viet Nam,"Son La, Lai Chau provinces",Monsoonal rain,Broken Dam/Burst bank,30960,,1991,7,28,1991,7,31,38,14,4000,,4014,3200,6876,46.53662061,
1991,Flood,Riverine flood,Viet Nam,"An Giang, Long An, Dong Thap, Kien Giang provinces",,,1000,,1991,8,,1991,8,,21,,270000,600,270600,5000,10744,46.53662061,
1991,Flood,Riverine flood,Viet Nam,"An Giang, Dong Thap, Long An, Tien Giang, Kien Giang provinces (Mekong Delta)",Heavy rain,,,Mekong river,1991,9,19,1991,9,25,136,,21000,,21000,38500,82731,46.53662061,
1992,Flood,Coastal flood,Viet Nam,"Quang Binh, Quang Tri provinces",Tropical cyclone,,,,1992,10,28,1992,10,31,1,,58000,,58000,,,47.94612964,
1992,Flood,Riverine flood,Viet Nam,"Nghe An, Ha Tinh, Quang Binh, Quang Tri, Thua Thien-Hue, Quang Nam-Da Nang provinces",Heavy rain,,569,,1992,10,5,1992,10,9,55,10,44109,7579,51698,47700,99487,47.94612964,
1993,Flood,Flash flood,Viet Nam,"Phu Yen, Lam Dong, Quang Tri, Da Nang, Khanh Hoa, Binh Dinh, Darlac and Binh Thuan provinces",Brief torrential rain,,29440,"Phan Thiet, Muong Man River",1993,10,2,1993,10,12,64,,15000,,15000,10000,20259,49.36133216,
1994,Flood,Riverine flood,Viet Nam,"Dong Thap, An Giang, Long An, Tien Giang, Kien Giang, Can Tho, Nghe An, Thanh Hoa provinces",Monsoonal rain,,65260,Mekong,1994,9,4,1994,12,18,310,,382000,,382000,206000,406726,50.64840266,
1995,Flood,Riverine flood,Viet Nam,"Quang Binh, Quang Tri, Kegalle, Da Nang, Dong Thap, Dong Thap, Kien Gang, An Giang, Tien Giang, Vinh Long, Can Tho provinces",Heavy rain,,123000,"Mekong, Perfume",1995,9,21,1995,10,19,253,,400000,,400000,86000,165165,52.06929869,
1996,Flood,Riverine flood,Viet Nam,"An Giang, Dong Thap, Tay Minh, Long An, Tien Giang, Kien Giang, Can Tho, Vinh Long provinces",Heavy rain,,22610,Mekong,1996,10,1,1996,11,13,162,,375000,,375000,138000,257484,53.59556085,
1996,Flood,,Viet Nam,"Thua Thien-Hue, Quang Nam-Da Nang, Quang Tri, Quang Ngai, Binh Dinh, Kon Tum",,,,,1996,9,14,1996,9,19,60,,,,,13400,25002,53.59556085,
1998,Flood,Riverine flood,Viet Nam,"Khan Hoa, Binh Dinh, Quang Ngai, Phu Yen, Ninh Thuan",Heavy rain,,110,,1998,10,16,1998,10,23,45,5,31030,1470,32505,13700,24596,55.69986281,
1999,Flood,Flash flood,Viet Nam,"Binh Thuan, Lam Dong, Dac Lac and Dong Nai",Brief torrential rain,"Slide (land, mud, snow, rock)",500,,1999,7,24,1999,8,5,40,,106885,8290,115175,19500,34259,56.91858704,
1999,Flood,Coastal flood,Viet Nam,"Da Nang, Quang Nam, Thanh Hoa, Nghe An, Ha Tinh, Quang Binh, Quang Tri, Thua Thien Hue, Quang Ngai, Binh Dinh",Tropical cyclone,,947,,1999,10,25,1999,11,9,622,412,3414000,90000,3504412,237000,416384,56.91858704,
1999,Flood,Riverine flood,Viet Nam,"Thua Thien Hue, Khanh Hoa, Phu Yen, Binh Dinh, Quang Ngai, Quang Nam, Danang and Khanh Hoa.",Heavy rain,,288,Thu Hong,1999,12,2,1999,12,10,127,164,2118265,45265,2163694,53000,93115,56.91858704,
2000,Flood,Riverine flood,Viet Nam,"Long An, Dong Thap, An Giang, Kien Giang, Can Tho city, Vinh Long, Tien Giang provinces",,,1400,,2000,7,,2000,11,,460,4,5000000,,5000004,250000,424876,58.84064849,"An Giang, Can Tho city, Dong Thap, Kien Giang, Long An, Tien Giang, Vinh Long (Adm1)."
2000,Flood,Riverine flood,Viet Nam,"Quang Nam, Khanh Hoa, Phu Yen, Ninh Thuan, Binh Thuan, Quang Ngai, Binh Dinh, Quang Tri, Thua Thien-Hue provinces",,,49140,,2000,11,18,2000,11,26,36,3,25000,,25003,15000,25493,58.84064849,"Binh Dinh, Binh Thuan, Khanh Hoa, Ninh Thuan, Phu Yen, Quang Nam, Quang Ngai, Quang Tri, Thua Thien - Hue (Adm1)."
2001,Flood,Coastal flood,Viet Nam,Thu Duc district (Ho Chi Minh City province),,,,,2001,11,4,2001,11,4,,,3000,,3000,,,60.50357889,Thu Duc (Adm2).
2001,Flood,Flash flood,Viet Nam,"Quang Nam, Quang Ngai, Ha Tinh, Nghe An, Quang Tri, Phu Yen provinces",Brief torrential rain,,72000,,2001,10,20,2001,10,24,20,6,35000,,35006,4700,7768,60.50357889,"Ha Tinh, Nghe An, Phu Yen, Quang Nam, Quang Ngai, Quang Tri (Adm1)."
2001,Flood,Riverine flood,Viet Nam,"Long An, Dong Thap, An Giang, Can Tho city, Phu Tho, Kien Giang, Tien Giang, Vinh Long, Soc Trang, Tra Vinh, Ben Tre provinces",Monsoonal rain,,745,"Mekong, Tien and Hau",2001,8,15,2001,11,19,310,,1570270,,1570270,84000,138835,60.50357889,"An Giang, Ben Tre, Can Tho city, Dong Thap, Kien Giang, Long An, Phu Tho, Soc Trang, Tien Giang, Tra Vinh, Vinh Long (Adm1)."
2001,Flood,,Viet Nam,"Tien Yen, Dong Trieu, Hoanh Bo districts (Quang Ninh province)",,,,,2001,6,30,2001,6,30,9,,175,,175,,,60.50357889,"Dong Trieu, Hoanh Bo, Tien Yen (Adm2)."
2002,Flood,Riverine flood,Viet Nam,"Lai Chau, Lao Cai, Ha Giang, Tuyen Quang, Bac Kan, Son La, Lam Dong provinces",Heavy rain,,27820,"Hong, Thai Binh, Lo.",2002,7,31,2002,8,6,10,,2000,,2000,2200,3579,61.46318826,"Bac Kan, Ha Giang, Lai Chau, Lam Dong, Lao Cai, Son La, Tuyen Quang (Adm1)."
2002,Flood,Riverine flood,Viet Nam,"Long An, Dong Thap, An Giang provinces",,,,,2002,9,,2002,9,,82,,1138200,,1138200,23900,38885,61.46318826,"An Giang, Dong Thap, Long An (Adm1)."
2002,Flood,Riverine flood,Viet Nam,"Ha Tinh, Nghe An provinces",Heavy rain,,19980,La River,2002,9,20,2002,9,30,55,116,291500,,291616,58000,94365,61.46318826,"Ha Tinh, Nghe An (Adm1)."
2003,Flood,Riverine flood,Viet Nam,"Ninh Thuan, Binh Dinh, Phu Yen, Khanh Hoa, Quang Nam, Dak Lak provinces",Torrential rains,"Slide (land, mud, snow, rock)",362,"Phan Rang river, Kon river",2003,11,11,2003,11,14,61,34,185135,8880,194049,35000,55681,62.8584595,"Binh Dinh, Dak Lak, Khanh Hoa, Ninh Thuan, Phu Yen, Quang Nam (Adm1)."
2003,Flood,Coastal flood,Viet Nam,"Quang Ngai, Quang Nam, Binh Dinh, Quang Tri, Phu Yen, Thua Thien Hue provinces","Tropical monsoon rain, cold depression",,10630,"Kon, Lai Giang and La Tinh",2003,10,15,2003,10,22,52,29,216745,5000,221774,32000,50908,62.8584595,"Binh Dinh, Phu Yen, Quang Nam, Quang Ngai, Quang Tri, Thua Thien - Hue (Adm1)."
2003,Flood,Riverine flood,Viet Nam,"Nghe An, Thai Binh, Nam Dinh, Lao Cai, Ha Tinh provinces",Torrential rain,,31350,"Song Con, Thai Binh",2003,9,10,2003,9,14,15,,1000,,1000,38000,60453,62.8584595,"Ha Tinh, Lao Cai, Nam Dinh, Nghe An, Thai Binh (Adm1)."
2004,Flood,Flash flood,Viet Nam,"Du Tien, Du Gia villages (Yen Minh district, Ha Giang province), Bao Lam district (Cao Bang province)",Heavy rains,"Slide (land, mud, snow, rock)",12020,"Hong, Luc Nam, Thuong and Thai Binh rivers and tributaries, Red River Delta",2004,7,18,2004,7,28,53,18,,,18,8000,12395,64.54132928,"Bao Lam, Yen Minh (Adm2)."
2004,Flood,Riverine flood,Viet Nam,"An Giang, Vinh Long, Dong Thap, Long An, Can Tho city, Kien Giang provinces",Monsoonal rain,Rain,47760,"Mekong (Cuu Long), Tien River",2004,8,24,2004,10,21,34,,30000,,30000,,,64.54132928,"An Giang, Can Tho city, Dong Thap, Kien Giang, Long An, Vinh Long (Adm1)."
2004,Flood,Riverine flood,Viet Nam,"Mai Son, Bac Yen, Song Ma districts (Son La province)",Heavy rain,,3300,,2004,4,16,2004,4,17,9,,5000,,5000,,,64.54132928,"Bac Yen, Mai Son, Song Ma (Adm2)."
2005,Flood,Riverine flood,Viet Nam,"Khanh Hoa, Dak Lak, Phu Yen, Quang Ngai, Binh Dinh, Quang Nam, Binh Thuan, Ninh Thuan, Dak Lak provinces",Torrential rains,"Slide (land, mud, snow, rock)",63090,"Nha Trang, Kon, Cai Nha Trang, Dinh, Ve, Tra Cau, Tra Khuc, Tra Bong, Con, Ha Thanh, Lao Giang, Krong Ana, Krong Kno, Serepoc",2005,12,4,2005,12,24,69,,,18000,18000,27000,40461,66.73105799,"Binh Dinh, Binh Thuan, Dak Lak, Khanh Hoa, Ninh Thuan, Phu Yen, Quang Nam, Quang Ngai (Adm1)."
2005,Flood,Riverine flood,Viet Nam,Vinh Thuan district (Kien Giang province),Heavy rains,Rain,,,2005,5,26,2005,5,26,,3,385,205,593,,,66.73105799,Vinh Thuan (Adm2).
2005,Flood,Flash flood,Viet Nam,"Binh Dinh, Quang Ngai, Phu Yen, Khanh Hoa, Gia Lai, Quang Tri provinces",Heavy rains,,28850,Ba river,2005,10,20,2005,10,28,67,,33800,,33800,12000,17983,66.73105799,"Binh Dinh, Gia Lai, Khanh Hoa, Phu Yen, Quang Ngai, Quang Tri (Adm1)."
2005,Flood,Riverine flood,Viet Nam,"Tan Hung, Vinh Hung, Moc Hoa districts (Long An province), Dong Thap, An Giang provinces",Monsoonal rain,,54540,"Mekong, Tien, Hau",2005,9,8,2005,9,29,39,,30000,,30000,,,66.73105799,"An Giang, Dong Thap (Adm1). Moc Hoa, Tan Hung, Vinh Hung (Adm2)."
2005,Flood,Riverine flood,Viet Nam,"Quang Binh, Quang Tri, Thua Thien Hue, Quang Ngai provinces",Heavy rains,,8370,Ben Hai,2005,10,7,2005,10,10,17,,10000,,10000,15000,22478,66.73105799,"Quang Binh, Quang Ngai, Quang Tri, Thua Thien - Hue (Adm1)."
2006,Flood,Flash flood,Viet Nam,"Bac Kan, Vinh Phuc, Lang Son provinces",Heavy rains,"Slide (land, mud, snow, rock)",,,2006,7,18,2006,7,18,12,,,2000,2000,,,68.88375871,"Bac Kan, Lang Son, Vinh Phuc (Adm1)."
2006,Flood,Riverine flood,Viet Nam,"Binh Thuan, Nghe An, Quang Binh, Quang Tri, Dak Lak, Dong Nai, Lam Dong, Cao Bang, Ha Tinh, Thua Thien Hue, Dak Lak, Dak Nong, Yen Bai, Thanh Hoa, Phu Tho provinces",Heavy rain,"Slide (land, mud, snow, rock)",119500,Dong Nai River,2006,8,12,2006,8,30,42,20,50000,,50020,8000,11614,68.88375871,"Binh Thuan, Cao Bang, Dak Lak, Dak Nong, Dong Nai, Ha Tinh, Lam Dong, Nghe An, Phu Tho, Quang Binh, Quang Tri, Thanh Hoa, Thua Thien - Hue, Yen Bai (Adm1)."
2006,Flood,Flash flood,Viet Nam,Bac Me district (Ha Giang province),Heavy rain,,560,Lo,2006,7,9,2006,7,11,4,100,,,100,1000,1452,68.88375871,Bac Me (Adm2).
2006,Flood,Riverine flood,Viet Nam,"An Giang, Dong Thap provinces",Monsoonal rain,,,,2006,8,10,2006,11,1,60,,,,,,,68.88375871,"An Giang, Dong Thap (Adm1)."
2006,Flood,Riverine flood,Viet Nam,"Binh Dinh, Da Nang City, Gia Lai, Ha Tinh, Kon Tum, Nghe An, Quang Binh, Quang Nam, Quang Ngai, Quang Tri, Thua Thien - Hue, An Giang, Ba Ria-Vung Tau, Bac Lieu, Ben Tre, Binh Duong, Binh Phuoc, Binh Thuan, Ca Mau, Can Tho City, Dak Lak, Dak Nong, Dong Nai, Dong Thap, Hau Giang, Ho Chi Minh City, Khanh Hoa, Kien Giang, Lam Dong, Long An, Ninh Thuan, Phu Yen, Soc Trang, Tay Ninh, Tien Giang, Tra Vinh, Vinh Long, Bac Giang, Bac Kan, Bac Ninh, Cao Bang, Dien Bien, Ha Giang, Ha Nam, Ha Noi City, Ha Tay, Hai Duong, Hai Phong City, Hoa Binh, Hung Yen, Lai Chau, Lang Son, Lao Cai, Nam Dinh, Ninh Binh, Phu Tho, Quang Ninh, Son La, Thai Binh, Thai Nguyen, Thanh Hoa, Tuyen Quang, Vinh Phuc, Yen Bai provinces",Heavy rain,,,Mekong Delta,2006,10,12,2006,10,17,60,,,,,,,68.88375871,"An Giang, Ba Ria-Vung Tau, Bac Giang, Bac Kan, Bac Lieu, Bac Ninh, Ben Tre, Binh Dinh, Binh Duong, Binh Phuoc, Binh Thuan, Ca Mau, Can Tho city, Cao Bang, Da Nang City, Dak Lak, Dak Nong, Dien Bien, Dong Nai, Dong Thap, Gia Lai, Ha Giang, Ha Nam, Ha Noi City, Ha Tay, Ha Tinh, Hai Duong, Hai Phong City, Hau Giang, Ho Chi Minh City, Hoa Binh, Hung Yen, Khanh Hoa, Kien Giang, Kon Tum, Lai Chau, Lam Dong, Lang Son, Lao Cai, Long An, Nam Dinh, Nghe An, Ninh Binh, Ninh Thuan, Phu Tho, Phu Yen, Quang Binh, Quang Nam, Quang Ngai, Quang Ninh, Quang Tri, Soc Trang, Son La, Tay Ninh, Thai Binh, Thai Nguyen, Thanh Hoa, Thua Thien - Hue, Tien Giang, Tra Vinh, Tuyen Quang, Vinh Long, Vinh Phuc, Yen Bai (Adm1)."
2007,Flood,Coastal flood,Viet Nam,"Dak Lak, Lam Dong, Ha Tinh provinces",Tropical storm,,,,2007,8,5,2007,8,7,74,130,416000,,416130,130000,183489,70.8487927,"Dak Lak, Ha Tinh, Lam Dong (Adm1)."
2007,Flood,Coastal flood,Viet Nam,"Khanh Hoa, Quang Ngai, Binh Dinh, Quang Nam, Thua Thien-Hue, Ninh Thuan, Quang Tri, Da Nang City provinces",Typhoon Peipah,,36820,"Cau, Huong, Kon, Da",2007,11,10,2007,11,21,55,,150000,,150000,350000,494010,70.8487927,"Binh Dinh, Da Nang City, Khanh Hoa, Ninh Thuan, Quang Nam, Quang Ngai, Quang Tri, Thua Thien - Hue (Adm1)."
2007,Flood,Riverine flood,Viet Nam,"Thua Thien - Hue, Quang Ngai, Quang Tri, Quang Nam provinces",Heavy rains,,24810,Huong,2007,10,14,2007,10,24,15,,22000,,22000,10000,14115,70.8487927,"Quang Nam, Quang Ngai, Quang Tri, Thua Thien - Hue (Adm1)."
2007,Flood,Riverine flood,Viet Nam,"Thua Thien-Hue, Quang Ngai, Quang Nam, Quan Binh provinces",Heavy rain,,35110,"Thu Bon, Vu Gia, O Lau, Thach Han, Kien Giang",2007,10,28,2007,11,9,83,42,94000,,94042,300000,423437,70.8487927,"Quang Binh, Quang Nam, Quang Ngai, Thua Thien - Hue (Adm1)."
2007,Flood,,Viet Nam,"Dong Thap, An Giang, Kien Giang provinces",Heavy rain,,46470,"Mekong, Tien, Hau",2007,10,20,2007,11,2,3,,280000,,280000,,,70.8487927,"An Giang, Dong Thap, Kien Giang (Adm1)."
2008,Flood,Flash flood,Viet Nam,"Nghe An, Thua Thien-Hue, Quang Tri, Quang Nam, Quang Ngai, Thanh Hoa provinces",Storm and heavy vrain,"Slide (land, mud, snow, rock)",39090,,2008,10,19,2008,10,20,29,4,12000,,12004,4000,5437,73.56874554,"Nghe An, Quang Nam, Quang Ngai, Quang Tri, Thanh Hoa, Thua Thien - Hue (Adm1)."
2008,Flood,Riverine flood,Viet Nam,Ha Giang province,Heavy rains,"Slide (land, mud, snow, rock)",,,2008,8,26,2008,8,28,16,,,,,,,73.56874554,Ha Giang (Adm1).
2008,Flood,Riverine flood,Viet Nam,"Thai Nguyen, Vinh Phuc, Hoa Binh, Ninh Binh, Thanh Hoa, Nghe An, Ha Tinh, Quang Binh, Ha Nam, Ha Noi City provinces",Heavy rains,"Slide (land, mud, snow, rock)",74590,,2008,10,27,2008,11,4,99,,600000,,600000,479000,651092,73.56874554,"Ha Nam, Ha Noi City, Ha Tinh, Hoa Binh, Nghe An, Ninh Binh, Quang Binh, Thai Nguyen, Thanh Hoa, Vinh Phuc (Adm1)."
2008,Flood,Flash flood,Viet Nam,"Dac Ngo village (Tuy Duc area, Dak R'Lap district, Dak Nong province)",Heavy rains,,5300,,2008,5,11,2008,5,12,4,,500,,500,,,73.56874554,Dak R'Lap (Adm2).
2008,Flood,Riverine flood,Viet Nam,"Phu Yen, Binh Dinh, Quang Binh, Quang Nam provinces",Heavy rain,,29580,,2008,12,25,2009,1,5,9,,20000,,20000,,,73.56874554,"Binh Dinh, Phu Yen, Quang Binh, Quang Nam (Adm1)."
2009,Flood,Riverine flood,Viet Nam,"Bac Kan, Cao Bang, Ha Giang, Lai Chau provinces",Heavy rains,,69860,,2009,7,3,2009,7,6,20,,700000,,700000,,,73.30717672,"Bac Kan, Cao Bang, Ha Giang, Lai Chau (Adm1)."
2009,Flood,Riverine flood,Viet Nam,"Binh Dinh, Da Nang City, Gia Lai, Ha Tinh, Kon Tum, Nghe An, Quang Binh, Quang Nam, Quang Ngai, Quang Tri, Thua Thien - Hue provinces",Heavy rain,,47600,,2009,9,25,2009,9,28,17,,40000,,40000,,,73.30717672,"Binh Dinh, Da Nang City, Gia Lai, Ha Tinh, Kon Tum, Nghe An, Quang Binh, Quang Nam, Quang Ngai, Quang Tri, Thua Thien - Hue (Adm1)."
2010,Flood,Flash flood,Viet Nam,"Ha Tinh, Quang Binh, Quang Tri, Nghe An, Thua Thien - Hue provinces",Heavy rains associated with Tropical depression 14,,,,2010,10,1,2010,10,6,84,75,679750,,679825,142500,191251,74.50944408,"Ha Tinh, Nghe An, Quang Binh, Quang Tri, Thua Thien - Hue (Adm1)."
2010,Flood,Riverine flood,Viet Nam,"Nghe An, Ha Tinh, Quang Binh provinces",Heavy rains,,,,2010,10,14,2010,10,18,21,,761000,,761000,154000,206685,74.50944408,"Ha Tinh, Nghe An, Quang Binh (Adm1)."
2010,Flood,Riverine flood,Viet Nam,"Ninh Thuan, Khanh Hoa, Phu Yen, Binh Dinh, Quang Ngai, Dak Lak provinces",Heavy rains,,33659,,2010,10,29,2010,11,10,31,8,39000,,39008,107700,144545,74.50944408,"Binh Dinh, Dak Lak, Khanh Hoa, Ninh Thuan, Phu Yen, Quang Ngai (Adm1)."
2010,Flood,Riverine flood,Viet Nam,"Thua Thien-Hue, Quang Ngai, Quang Nam provinces",Heavy rains,,45584,,2010,11,12,2010,11,17,50,,10000,,10000,256000,343581,74.50944408,"Quang Nam, Quang Ngai, Thua Thien - Hue (Adm1)."
2011,Flood,Riverine flood,Viet Nam,Lao Cai province,,,,,2011,9,14,2011,9,14,24,,300000,,300000,44000,57246,76.86159538,Lao Cai (Adm1).
2011,Flood,Riverine flood,Viet Nam,"An Giang, Dong Thap, Long An, Can Tho city, Vinh Long, Hau Giang, Kien Giang provinces",Monsoonla rains exacerbated by 3 tropical storms,,,,2011,9,,2011,12,,85,,600000,,600000,175002,227685,76.86159538,"An Giang, Can Tho city, Dong Thap, Hau Giang, Kien Giang, Long An, Vinh Long (Adm1)."
2011,Flood,Riverine flood,Viet Nam,"Quang Tri, Quang Binh, Thua Thien-Hue, Quang Nam provinces",,,,,2011,10,21,2011,10,21,13,14,461570,,461584,,,76.86159538,"Quang Binh, Quang Nam, Quang Tri, Thua Thien - Hue (Adm1)."
2012,Flood,Riverine flood,Viet Nam,"Ninh Binh, Ha Tinh, Thanh Hoa, Nghe An provinces",Torrential rain,,24179,,2012,9,2,2012,9,11,34,40,,17500,17540,30000,38240,78.45211388,"Ha Tinh, Nghe An, Ninh Binh, Thanh Hoa (Adm1)."
2013,Flood,Riverine flood,Viet Nam,"Lao Cai, Ha Giang, Lai Chau provinces",Heavy rains,"Slide (land, mud, snow, rock)",,,2013,9,,2013,9,,23,,,,,,,79.60130942,"Ha Giang, Lai Chau, Lao Cai (Adm1)."
2013,Flood,Riverine flood,Viet Nam,"Bac Giang, Bac Kan, Bac Ninh, Cao Bang, Da Nang City, Dien Bien, Ha Giang, Ha Nam, Ha Noi City, Ha Tay, Ha Tinh, Hai Duong, Hai Phong City, Hoa Binh, Hung Yen, Lai Chau, Lang Son, Lao Cai, Nam Dinh, Nghe An, Ninh Binh, Phu Tho, Quang Binh, Quang Nam, Quang Ninh, Quang Tri, Son La, Thai Binh, Thai Nguyen, Thanh Hoa, Thua Thien - Hue, Tuyen Quang, Vinh Phuc, Yen Bai provinces",Heavy rains,"Slide (land, mud, snow, rock)",,,2013,9,3,2013,9,4,29,,1000,,1000,,,79.60130942,"Bac Giang, Bac Kan, Bac Ninh, Cao Bang, Da Nang City, Dien Bien, Ha Giang, Ha Nam, Ha Noi City, Ha Tay, Ha Tinh, Hai Duong, Hai Phong City, Hoa Binh, Hung Yen, Lai Chau, Lang Son, Lao Cai, Nam Dinh, Nghe An, Ninh Binh, Phu Tho, Quang Binh, Quang Nam, Quang Ninh, Quang Tri, Son La, Thai Binh, Thai Nguyen, Thanh Hoa, Thua Thien - Hue, Tuyen Quang, Vinh Phuc, Yen Bai (Adm1)."
2013,Flood,Riverine flood,Viet Nam,"Lao Cai, Son La, Quang Ninh, Tuyen Quang provinces",,,,,2013,7,28,2013,7,30,5,,5000,,5000,6500,8166,79.60130942,"Lao Cai, Quang Ninh, Son La, Tuyen Quang (Adm1)."
2013,Flood,Riverine flood,Viet Nam,"An Giang, Ba Ria-Vung Tau, Bac Lieu, Ben Tre, Binh Dinh, Binh Duong, Binh Phuoc, Binh Thuan, Ca Mau, Can Tho City, Da Nang City, Dak Lak, Dak Nong, Dong Nai, Dong Thap, Gia Lai, Ha Tinh, Hau Giang, Ho Chi Minh City, Khanh Hoa, Kien Giang, Kon Tum, Lam Dong, Long An, Ninh Thuan, Phu Yen, Quang Binh, Quang Nam, Quang Ngai, Quang Tri, Soc Trang, Tay Ninh, Thua Thien - Hue, Tien Giang, Tra Vinh, Vinh Long provinces",Mosoonal rain and typhoon Usagi,,,,2013,9,24,2013,9,24,30,,,,,,,79.60130942,"An Giang, Ba Ria-Vung Tau, Bac Lieu, Ben Tre, Binh Dinh, Binh Duong, Binh Phuoc, Binh Thuan, Ca Mau, Can Tho city, Da Nang City, Dak Lak, Dak Nong, Dong Nai, Dong Thap, Gia Lai, Ha Tinh, Hau Giang, Ho Chi Minh City, Khanh Hoa, Kien Giang, Kon Tum, Lam Dong, Long An, Ninh Thuan, Phu Yen, Quang Binh, Quang Nam, Quang Ngai, Quang Tri, Soc Trang, Tay Ninh, Thua Thien - Hue, Tien Giang, Tra Vinh, Vinh Long (Adm1)."
2013,Flood,Riverine flood,Viet Nam,"Dak Lak, Quang Tri, Quang Ngai, Quang Nam, Kon Tum provinces",Tropical Depression 18,,,,2013,9,16,2013,9,18,7,,25000,,25000,,,79.60130942,"Dak Lak, Kon Tum, Quang Nam, Quang Ngai, Quang Tri (Adm1)."
2013,Flood,Riverine flood,Viet Nam,"Quang Ngai, Binh Dinh, Quang Nam, Da Nang City, Phu Yen, Gia Lai, Kon Tum provinces",Tropical depression Podul,,48985,Mekong river,2013,11,14,2013,11,20,47,66,2127865,2070,2130001,72000,90451,79.60130942,"Binh Dinh, Da Nang City, Gia Lai, Kon Tum, Phu Yen, Quang Nam, Quang Ngai (Adm1)."
2015,Flood,Flash flood,Viet Nam,Quang Ninh province,Torrential rain,"Slide (land, mud, snow, rock)",24337,,2015,7,25,2015,8,5,32,,15000,,15000,204000,251887,80.98857899,Quang Ninh (Adm1).
2015,Flood,,Viet Nam,"Minh Tien village (Vi Xuyen district, Ha Giang province), Khanh Hoa, Cao Bang, Lai Chau, Dong Na, Lam Dong, Binh Thuan, An Giang, Dong Thap provinces",Torrential rains,,192887,,2015,9,7,2015,9,11,2,,100,,100,,,80.98857899,"An Giang, Binh Thuan, Cao Bang, Dong Nai, Dong Thap, Khanh Hoa, Lai Chau, Lam Dong (Adm1). Vi Xuyen (Adm2)."
2016,Flood,,Viet Nam,"Thanh Hóa, Lào Cai, Yên Bái, Bac Kan, Dien Bien, Ha Thin, Son La, Thai Nguyen",Torrential rainfall,"Slide (land, mud, snow, rock)",,,2016,8,12,2016,8,14,8,4,410,95,509,,,82.0103309,"Bac Kan, Dien Bien, Ha Tinh, Lao Cai, Son La, Thai Nguyen, Thanh Hoa, Yen Bai (Adm1)."
2016,Flood,Riverine flood,Viet Nam,"Quang Binh (Minh Hoa, Tuyen Hoa), Ha Tinh (Huong Khe), Nghe An, Quang Tri (Vinh Linh, Hai Lang, Trieu Phong), Thua Thien Hue provinces",Monsoonal rains,,63642,,2016,10,9,2016,10,16,35,30,659390,195,659615,104280,127155,82.0103309,"Ha Tinh, Nghe An, Quang Binh, Quang Tri, Thua Thien - Hue (Adm1)."
2016,Flood,,Viet Nam,"Thua Thien - Hue, Quang Nam, Quang Ngai, Binh Dinh provinces",Heavy rains,,44341,,2016,12,12,2016,12,20,27,16,559255,2850,562121,35000,42678,82.0103309,"Binh Dinh, Quang Nam, Quang Ngai, Thua Thien - Hue (Adm1)."
2016,Flood,,Viet Nam,"Ha Tinh (Huong Khe, Huong Son, Vu Quang, Cam Xuyen, Duc Tho), Quang Binh (Bo Trach, Quang Trach (Ba Don), Tuyen Hoan, Le Thuy, Minh Hoa), Quang Tri (Vinh Linh, Hai Lang, Trieu Phong, Cam Lo); Quang Ngai, Gia Lai, Dak Lak, Binh Dinh, Phu Yen, Khanh Hoa, Ninh Thuan",,,,,2016,10,30,2016,11,5,21,,205205,1135,206340,22000,26826,82.0103309,"Bo Trach, Cam Lo, Cam Xuyen, Duc Tho, Hai Lang, Huong Khe, Huong Son, Le Thuy, Minh Hoa, Quang Trach, Trieu Phong, Tuyen Hoa, Vinh Linh, Vu Quang (Adm2)."
2017,Flood,Flash flood,Viet Nam,"Yen Bai (Mu Cang Chai district), Son La (Muong La), Bac Kan, Lai Chau (Nam-Ho Dien Bien district), Dien Bien",,"Slide (land, mud, snow, rock)",,Da river,2017,8,3,2017,8,3,39,21,3000,1140,4161,88000,105066,83.75725455,"Bac Kan, Dien Bien, Lai Chau, Son La, Yen Bai (Adm1)."
2017,Flood,,Viet Nam,"Ha Giang, Lao Cai, Dien Bien, Yen Bai (Mu Cang Chai district), Tuyen Quang, Thai Nguyen, Lai Chau, Bac Kan, Cao Bang (Hoa An district), Binh Thuan, An Giang, Cà Mau (Nam Can, Ngoc Hien and Dam Doi districts) Provinces",,"Slide (land, mud, snow, rock)",,,2017,6,27,2017,7,5,1,4,4100,,4104,355,424,83.75725455,"An Giang, Bac Kan, Binh Thuan, Ca Mau, Cao Bang, Dien Bien, Ha Giang, Lai Chau, Lao Cai, Thai Nguyen, Tuyen Quang, Yen Bai (Adm1)."
2017,Flood,,Viet Nam,"Thai Nguyen, Ha Giang, Dien Bien, Hoa Binh, Cao Bang",Heavy rainfall,"Slide (land, mud, snow, rock)",,,2017,7,7,2017,7,10,14,,400,,400,1300,1552,83.75725455,"Cao Bang, Dien Bien, Ha Giang, Hoa Binh, Thai Nguyen (Adm1)."
2017,Flood,,Viet Nam,"Thanh Hoa, Nghe An, Ha Tinh, Hoa Binh, Yen Bai (V?n Tr?n, Tr?m T?u districts, Ngh?a L? Town), Son La, Quang Tri, Ha Noi (Nam Hai, Chong My), Phu Tho, Ha Nam",Tropical Depression 23W,"Slide (land, mud, snow, rock)",,"Mã, La, Ngàn Sâu, and Ngàn Ph? Rivers",2017,10,8,2017,10,16,75,38,40000,,40038,88000,105066,83.75725455,"Ha Nam, Ha Noi City, Ha Tinh, Hoa Binh, Nghe An, Phu Tho, Quang Tri, Son La, Thanh Hoa, Yen Bai (Adm1)."
2017,Flood,,Viet Nam,"Quang Tri, Thua Thien-Hue, Da Nang, Quang Nam, Quang Ngai, Binh Dinh",Tropical depression,,27646,Cu De River,2017,11,19,2017,11,24,8,,41500,,41500,,,83.75725455,"Binh Dinh, Da Nang City, Quang Nam, Quang Ngai, Quang Tri, Thua Thien - Hue (Adm1)."
2018,Flood,Flash flood,Viet Nam,Lai Chau,,"Slide (land, mud, snow, rock)",,,2018,6,23,2018,6,27,33,18,16710,,16728,23000,26806,85.80302606,Lai Chau (Adm1).
2018,Flood,,Viet Nam,Northern provinces,Heavy rains,"Slide (land, mud, snow, rock)",,,2018,8,29,2018,9,5,20,,6000,,6000,,,85.80302606,
2018,Flood,Flash flood,Viet Nam,"Thanh Hoa, Binh Dinh, Nghe An, Quang Tri, Quang Ngai, Quang Nam, Da Nang",Heavy rains,,,,2018,12,8,2018,12,10,14,,105000,,105000,25000,29137,85.80302606,"Binh Dinh, Da Nang City, Nghe An, Quang Nam, Quang Ngai, Quang Tri, Thanh Hoa (Adm1)."
2019,Flood,,Viet Nam,"Ha Giang, Bac Kan, Cao Bang and Yen Bai Provinces",Heavy rains,"Slide (land, mud, snow, rock)",,,2019,5,27,2019,5,30,3,,,265,265,,,87.35800677,"Bac Kan, Cao Bang, Ha Giang, Yen Bai (Adm1)."
2019,Flood,Flash flood,Viet Nam,"Qu?ng Ninh, L?ng S?n, Thanh Hóa",Tropical Cyclone Wipha,"Slide (land, mud, snow, rock)",,,2019,8,5,2019,8,5,27,,,500,500,45000,51512,87.35800677,"Lang Son, Quang Ninh, Thanh Hoa (Adm1)."
2019,Flood,,Viet Nam,"Nghe An, Bình Dinh, Hà Tinh Provinces",Heavy rains,"Slide (land, mud, snow, rock)",,,2019,10,15,2019,10,22,3,5,26250,,26255,,,87.35800677,"Binh Dinh, Ha Tinh, Nghe An (Adm1)."
2019,Flood,,Viet Nam,"Kien Giang, Lam Dong, Dak Lak, Dac Nong, Gia Lai, Kon Tum, Dong Nai, Binh Thuan, Binh Phuoc",Torrential rains,,,,2019,8,8,2019,8,10,12,5,61535,,61540,,,87.35800677,"Binh Phuoc, Binh Thuan, Dak Lak, Dak Nong, Dong Nai, Gia Lai, Kien Giang, Kon Tum, Lam Dong (Adm1)."
2019,Flood,,Viet Nam,"Quang Binh, Ha Tinh and Lao Cai provinces.",Tropical Storm PODUL and Tropical Depression KAJIKI's,,,,2019,9,11,2019,9,11,10,,36450,,36450,,,87.35800677,"Ha Tinh, Lao Cai, Quang Binh (Adm1)."
2020,Flood,Flash flood,Viet Nam,"Ha Giang, Bac Giang provinces",Heavy rains,"Slide (land, mud, snow, rock)",,,2020,7,18,2020,7,21,5,1,2620,,2621,22000,24877,88.43564081,"Bac Giang, Ha Giang (Adm1)."
2021,Flood,,Viet Nam,Northern and central regions,"Heavy rains, tropical cyclone DIANMU","Slide (land, mud, snow, rock)",,,2021,9,23,2021,9,27,3,3,13600,,13603,,,92.59019293,
2021,Flood,,Viet Nam,"Quang Nam, Quang Ngai, Binh Dinh, Dak Lak, Kon Tum, Phu Yen Provinces",Heavy rains,"Slide (land, mud, snow, rock)",,,2021,11,27,2021,11,30,18,,300000,,300000,,,92.59019293,"Binh Dinh, Dak Lak, Kon Tum, Phu Yen, Quang Nam, Quang Ngai (Adm1)."
2021,Flood,Flash flood,Viet Nam,"Minh Luong Commune, Viet Tien (Van Ban District, Lao Cai province); Bac Quang (Ha Giang province); Tan Dong (Yen Bai Province), Ha Giang Province",Heay rains,,,,2021,4,16,2021,4,19,3,,180,,180,,,92.59019293,"Ha Giang (Adm1). Tran Yen, Van Ban (Adm2)."
2022,Flood,,Viet Nam,"Tuyen Quang,Bac Kan and Cao Bang provinces",,"Slide (land, mud, snow, rock)",,,2022,3,22,2022,3,23,,1,225,,226,,,100,"Bac Kan, Cao Bang, Tuyen Quang (Adm1)."
2022,Flood,,Viet Nam,"Tuyen Quang, Hoa Binh, Dien Bien, Cao Bang, Vinh Phuc, Ha Giang, Yen Bai, Lao Cai, Thai Nguyen, Phu Tho, and Hanoi",Heavy rains,"Slide (land, mud, snow, rock)",,,2022,5,21,2022,5,30,13,4,2550,,2554,,,100,"Cao Bang, Dien Bien, Ha Giang, Hoa Binh, Phu Tho, Phu Yen, Thai Nguyen, Tuyen Quang, Vinh Phuc, Yen Bai (Adm1)."
2022,Flood,,Viet Nam,"Nghia Hanh and Duc Pho Districts (Quang Ngai province); Quang Nam,Thua Thien Hue",Heavy rains,"Slide (land, mud, snow, rock)",,,2022,10,10,2022,10,11,2,,10000,,10000,,,100,"Quang Nam, Thua Thien - Hue (Adm1). Duc Pho, Nghia Hanh (Adm2)."
2022,Flood,,Viet Nam,"Quang Nam, Quang Tri, Phu Yen, Phu Loc district (Thua Thien Hue) provinces",Heavy rains,"Slide (land, mud, snow, rock)",,,2022,12,1,2022,12,4,5,,10495,,10495,1500,1500,100,"Phu Yen, Quang Nam, Quang Tri (Adm1). Phu Loc (Adm2)."
2022,Flood,,Viet Nam,Dak Lak,"Heavy rains, Tropical Depression Mulan",,,,2022,8,14,2022,8,16,10,,,,,,,100,Dak Lak (Adm1).